id,first_name,last_name,email,gender,ip_address,telephone
1,Shanta,Yea,syea0@dedecms.com,Female,180.48.49.13,3412890190
2,Smith,Bernardi,sbernardi1@google.ca,Male,182.190.182.171,5027567119
3,Essie,Maynard,emaynard2@uiuc.edu,Female,169.11.56.8,1498187427
4,Arlana,Bayly,abayly3@princeton.edu,Female,217.52.106.74,3301193752
5,Elmore,Popland,epopland4@bbc.co.uk,Male,5.184.107.241,3175597782
6,Ellery,Grivori,egrivori5@about.me,Male,141.175.235.196,9116460474
7,Clarinda,Woof,cwoof6@sciencedaily.com,Female,113.123.80.253,1671729478
8,Gabriella,Gregoletti,ggregoletti7@rakuten.co.jp,Female,132.2.203.156,7711772417
9,Leontyne,Leates,lleates8@examiner.com,Female,38.235.209.64,1535327100
10,Shawn,Kesten,skesten9@unblog.fr,Male,143.160.38.117,9057413316
11,Shanon,Hackford,shackforda@360.cn,Female,234.150.16.79,9527434101
12,Clarisse,Ouldred,couldredb@pen.io,Female,252.105.4.152,3543288690
13,Nathanael,Rizzetti,nrizzettic@columbia.edu,Male,234.211.182.75,9411982120
14,Casper,O'Moylan,comoyland@wikispaces.com,Male,33.200.220.32,8074476018
15,Sim,Kester,skestere@lycos.com,Male,125.249.151.64,8996465573
16,Reagan,Wheowall,rwheowallf@typepad.com,Male,67.23.14.146,4156633181
17,Vite,Petrolli,vpetrollig@dropbox.com,Male,157.22.236.2,3672022374
18,Jacky,Solano,jsolanoh@rakuten.co.jp,Female,24.7.209.13,4849207494
19,Sisile,Burnside,sburnsidei@latimes.com,Female,89.254.8.177,2386755262
20,Roseann,McCarver,rmccarverj@123-reg.co.uk,Female,91.132.1.102,1579631748
21,Udale,Pietruschka,upietruschkak@loc.gov,Male,53.179.37.227,9192391942
22,Joye,Lyes,jlyesl@abc.net.au,Female,238.59.244.246,5738269347
23,Blondelle,Ornillos,bornillosm@booking.com,Female,78.161.97.48,2055577093
24,Currie,Trimby,ctrimbyn@behance.net,Male,3.201.236.16,6866904523
25,Moses,Jolley,mjolleyo@ebay.co.uk,Male,200.136.170.221,1514198061
26,Sanson,Laurenz,slaurenzp@army.mil,Male,85.45.61.226,2785951340
27,Sibeal,Scherme,sschermeq@liveinternet.ru,Female,163.187.55.171,5821012604
28,Atlanta,Tabord,atabordr@ask.com,Female,246.125.76.39,1679364401
29,Gilemette,Kingsman,gkingsmans@webnode.com,Female,164.44.213.75,7411780513
30,Tybalt,Prozescky,tprozesckyt@geocities.com,Male,178.47.53.221,6379389619
31,Bobbie,Lafferty,blaffertyu@naver.com,Female,244.230.101.105,9132701961
32,Brigham,Kimmince,bkimmincev@statcounter.com,Male,176.59.211.252,9915473349
33,Nils,Southern,nsouthernw@hp.com,Male,182.61.246.221,4927433621
34,Glenn,Pogosian,gpogosianx@answers.com,Female,98.116.72.70,2953724119
35,Christye,Maitland,cmaitlandy@stumbleupon.com,Female,166.253.233.152,2165079816
36,Kathe,Poli,kpoliz@printfriendly.com,Female,162.145.212.127,1709865338
37,Bay,Shirer,bshirer10@live.com,Male,143.110.216.131,8773409783
38,Darrell,Colbridge,dcolbridge11@desdev.cn,Male,201.211.152.28,6583791546
39,Cherish,Fowls,cfowls12@youtu.be,Female,8.201.246.205,2115622794
40,Abdel,McCullogh,amccullogh13@alexa.com,Male,61.185.210.250,1001748316
41,Gottfried,Fidelli,gfidelli14@army.mil,Male,163.129.42.90,9678716389
42,Livvy,Mitchener,lmitchener15@marriott.com,Female,251.29.82.9,4014935724
43,Ibby,Geeraert,igeeraert16@imageshack.us,Female,42.118.88.255,1475293371
44,Abbey,MacAiline,amacailine17@ezinearticles.com,Male,27.128.199.62,5733328884
45,Sunny,Chaves,schaves18@wikia.com,Male,46.54.114.191,6517341408
46,Jannel,Revans,jrevans19@artisteer.com,Female,103.70.246.198,1966422957
47,Emerson,Pilgram,epilgram1a@google.es,Male,195.112.164.73,1998140380
48,Ann-marie,Waye,awaye1b@comcast.net,Female,190.102.122.85,2965398667
49,Shel,Abrahamowitcz,sabrahamowitcz1c@gmpg.org,Female,203.174.55.120,1554862033
50,Starlin,McRorie,smcrorie1d@histats.com,Female,60.224.200.20,4432065633
51,Shelton,Alsopp,salsopp1e@com.com,Male,193.119.247.97,7848984997
52,Kinnie,Slamaker,kslamaker1f@dailymail.co.uk,Male,69.179.247.81,8829675090
53,Court,Roumier,croumier1g@chronoengine.com,Male,109.53.169.156,3694303331
54,Jody,Timbs,jtimbs1h@xinhuanet.com,Female,251.39.8.106,7191825993
55,Briney,Simmig,bsimmig1i@google.com.br,Female,114.106.252.83,7453875806
56,Berny,O'Keenan,bokeenan1j@homestead.com,Male,76.19.161.96,2253069427
57,Teri,Hof,thof1k@twitpic.com,Female,31.20.191.197,1811344703
58,Rosabella,Glander,rglander1l@dropbox.com,Female,183.16.138.177,2435131858
59,Aimil,MacGregor,amacgregor1m@vimeo.com,Female,183.243.103.231,2843305078
60,Dyann,Dearth,ddearth1n@weibo.com,Female,85.47.236.239,1087787659
61,Stewart,Stook,sstook1o@wsj.com,Male,229.102.233.230,5397550059
62,Lanna,Stubbin,lstubbin1p@php.net,Female,100.171.57.98,1294733798
63,Gal,Bugs,gbugs1q@photobucket.com,Male,147.17.253.98,7666103787
64,Selia,Foran,sforan1r@icq.com,Female,204.127.103.247,8485575278
65,Coriss,Hammersley,chammersley1s@nba.com,Female,90.97.86.114,3169418096
66,Robert,McAlester,rmcalester1t@wsj.com,Male,159.18.91.66,6195143029
67,Lian,Vittori,lvittori1u@newyorker.com,Female,14.186.166.224,6544892498
68,Barris,Garlic,bgarlic1v@wunderground.com,Male,9.220.54.34,3741876024
69,Ronny,Bolley,rbolley1w@wikipedia.org,Female,42.195.72.143,1136185529
70,Flem,Keeney,fkeeney1x@opensource.org,Male,252.106.192.51,4806867886
71,Vita,Leynham,vleynham1y@google.it,Female,218.180.173.9,7853639402
72,Wilhelm,Hymas,whymas1z@behance.net,Male,224.199.119.28,5665908383
73,Stevana,Tinto,stinto20@pbs.org,Female,78.52.72.240,7113305979
74,Buiron,Whatmough,bwhatmough21@who.int,Male,124.215.151.164,3335592373
75,Fremont,Silverlock,fsilverlock22@sfgate.com,Male,45.34.36.59,6851741799
76,Isadore,Gremain,igremain23@weebly.com,Male,254.22.243.110,3683690851
77,Franky,McGougan,fmcgougan24@vk.com,Female,92.144.222.21,5929977757
78,Ode,Crossley,ocrossley25@amazon.co.uk,Male,99.137.41.164,3629053858
79,Creighton,Roughley,croughley26@mapquest.com,Male,34.90.124.245,4235380371
80,Reagen,Yong,ryong27@tripod.com,Male,189.16.8.0,6963068400
81,Devy,Pomfret,dpomfret28@t.co,Male,222.4.254.153,1857890149
82,Conn,Mioni,cmioni29@marketwatch.com,Male,75.10.57.98,5887629698
83,Merrie,Gethings,mgethings2a@amazon.co.uk,Female,38.178.183.70,3701078912
84,Jarad,Turfitt,jturfitt2b@devhub.com,Male,68.126.163.23,2748780777
85,Bess,Cuss,bcuss2c@sina.com.cn,Female,187.15.113.126,4237393802
86,Elyssa,Douche,edouche2d@google.fr,Female,96.102.96.34,3084614631
87,Cornie,Behning,cbehning2e@imdb.com,Male,1.239.88.96,3695348202
88,Sabina,Farfull,sfarfull2f@pinterest.com,Female,39.231.87.50,5951749639
89,Corissa,Heelis,cheelis2g@imageshack.us,Female,51.40.175.114,3457413886
90,Marna,Halsall,mhalsall2h@ed.gov,Female,5.18.140.237,1852208807
91,Lucienne,MacNab,lmacnab2i@columbia.edu,Female,210.221.104.87,1135031746
92,Everett,Grime,egrime2j@booking.com,Male,141.254.131.203,2102302885
93,Thadeus,Davidsson,tdavidsson2k@ustream.tv,Male,230.225.131.150,2703613473
94,Bria,Fussey,bfussey2l@artisteer.com,Female,126.224.81.248,7868066321
95,Jeanette,Liddiatt,jliddiatt2m@wired.com,Female,208.208.36.222,2101923584
96,Tallou,McKeefry,tmckeefry2n@tiny.cc,Female,239.193.83.172,5212124447
97,Ted,Campbell,tcampbell2o@wix.com,Male,150.137.108.211,5869221667
98,Arther,Santacrole,asantacrole2p@abc.net.au,Male,134.41.188.230,4693996892
99,Creigh,Yglesia,cyglesia2q@1688.com,Male,59.121.6.216,6075884493
100,Thatch,Micheli,tmicheli2r@redcross.org,Male,249.189.70.11,2959287521
101,Randene,Arckoll,rarckoll2s@tuttocitta.it,Female,96.214.51.223,4491205648
102,Charo,Hecks,checks2t@epa.gov,Female,51.174.172.226,8563233788
103,Kenton,Eddolls,keddolls2u@ucoz.ru,Male,85.175.70.192,4252243601
104,Edgar,Druery,edruery2v@uiuc.edu,Male,54.22.180.13,9747198016
105,Tris,Mahood,tmahood2w@sun.com,Male,2.205.19.245,3787560379
106,Sheilakathryn,Blaxland,sblaxland2x@pen.io,Female,48.8.61.35,4809288071
107,Ramonda,Juden,rjuden2y@gizmodo.com,Female,60.146.29.110,1736823806
108,Bettina,Harte,bharte2z@spiegel.de,Female,97.211.87.44,5226346563
109,Sheila-kathryn,Taggert,staggert30@ocn.ne.jp,Female,4.206.74.229,4199381025
110,Nikaniki,Donkersley,ndonkersley31@behance.net,Female,209.134.27.24,9172424899
111,Nils,Gorstidge,ngorstidge32@blog.com,Male,237.245.232.22,1265645534
112,Carroll,Tivers,ctivers33@arizona.edu,Female,143.95.202.116,7836078284
113,Lynelle,Taverner,ltaverner34@berkeley.edu,Female,13.134.37.242,9208433470
114,Addy,Rotherham,arotherham35@flickr.com,Male,143.129.121.14,7615668220
115,Taber,Decreuze,tdecreuze36@paginegialle.it,Male,187.92.250.249,7232879282
116,Karlyn,Gosforth,kgosforth37@fc2.com,Female,70.127.10.213,2037448199
117,Gerik,Arrow,garrow38@dmoz.org,Male,21.88.223.87,4751183170
118,Anthony,Kauscher,akauscher39@geocities.com,Male,177.250.135.100,4865156362
119,Jens,Meenan,jmeenan3a@yahoo.co.jp,Male,56.123.169.117,6454864487
120,Esme,Featherstone,efeatherstone3b@simplemachines.org,Female,243.228.103.134,9976799443
121,Diarmid,Scone,dscone3c@yelp.com,Male,211.11.19.24,3234536389
122,Edee,Keyzor,ekeyzor3d@gnu.org,Female,228.207.130.61,8443196624
123,Marsh,Parrington,mparrington3e@mayoclinic.com,Male,134.3.199.33,1861830091
124,Salomon,Conre,sconre3f@sourceforge.net,Male,83.84.104.109,2147364884
125,Meagan,Sicely,msicely3g@hugedomains.com,Female,193.187.189.232,5462630721
126,Jarrad,Yesenev,jyesenev3h@xrea.com,Male,135.10.113.75,7733550915
127,Prinz,Mourant,pmourant3i@purevolume.com,Male,175.80.212.54,7911617950
128,Dale,Cunnell,dcunnell3j@clickbank.net,Male,214.36.216.96,7744617803
129,Heidi,Leathley,hleathley3k@nhs.uk,Female,69.221.220.1,2875542416
130,Zebulon,Drewe,zdrewe3l@freewebs.com,Male,212.38.110.109,2308846434
131,Pren,Rosenblath,prosenblath3m@51.la,Male,3.72.93.157,1619614217
132,Burgess,Grady,bgrady3n@businesswire.com,Male,82.10.236.24,7061002165
133,Solly,Nowaczyk,snowaczyk3o@geocities.jp,Male,198.120.60.68,6288261785
134,Padgett,Pavic,ppavic3p@columbia.edu,Male,131.153.70.119,8247363380
135,Gaelan,Hannibal,ghannibal3q@tumblr.com,Male,127.28.152.102,3242793299
136,Krista,Leftbridge,kleftbridge3r@loc.gov,Female,11.134.206.206,6013014923
137,Sherlocke,Lotterington,slotterington3s@dropbox.com,Male,196.108.44.162,5796183593
138,Sonny,Brimman,sbrimman3t@github.io,Male,214.78.35.174,7422619356
139,Tobin,Aizikovich,taizikovich3u@ftc.gov,Male,149.216.199.203,9346082210
140,Nealson,Pietruszka,npietruszka3v@issuu.com,Male,106.217.169.90,6242971900
141,Olenka,Bandey,obandey3w@go.com,Female,89.164.39.70,4422052572
142,Mitchael,Nazaret,mnazaret3x@ehow.com,Male,168.85.33.68,8101350260
143,Julie,Beardow,jbeardow3y@mlb.com,Female,98.154.53.247,7187828006
144,Marcel,Speechly,mspeechly3z@ovh.net,Male,21.246.219.13,1114979341
145,Jacky,Simper,jsimper40@nyu.edu,Female,140.234.210.238,9958260678
146,Trey,Jowle,tjowle41@123-reg.co.uk,Male,213.44.119.5,5216716551
147,Lay,Ewbanck,lewbanck42@berkeley.edu,Male,141.62.160.94,1181690283
148,Bethany,Mathely,bmathely43@sciencedirect.com,Female,1.241.168.195,6144398204
149,Aimee,Peregrine,aperegrine44@sina.com.cn,Female,134.254.228.113,1917081456
150,Adriano,McGenn,amcgenn45@digg.com,Male,165.128.108.66,7484624272
151,Margaretta,Bamlett,mbamlett46@linkedin.com,Female,187.155.164.220,3142551393
152,Ashli,Klaessen,aklaessen47@smh.com.au,Female,59.137.180.94,2733877058
153,Philipa,Filippello,pfilippello48@usgs.gov,Female,228.226.38.122,4108875893
154,Margarethe,Ankers,mankers49@google.com,Female,216.138.187.145,8144935000
155,Batsheva,Cannon,bcannon4a@webnode.com,Female,251.78.125.59,8122101209
156,Tadeas,Wyndham,twyndham4b@shutterfly.com,Male,181.154.240.149,7723490427
157,Harriott,Bellini,hbellini4c@weibo.com,Female,69.219.179.119,6595196273
158,Ruperta,Sherrock,rsherrock4d@desdev.cn,Female,145.155.68.43,5688029822
159,Keir,Andrzejewski,kandrzejewski4e@ucoz.com,Male,215.7.141.146,3433664622
160,Gustie,Gatfield,ggatfield4f@nifty.com,Female,105.126.15.87,5863448262
161,Raoul,Urwin,rurwin4g@gmpg.org,Male,92.84.94.199,3246763048
162,Gerrie,Itzkovwitch,gitzkovwitch4h@mlb.com,Male,127.94.165.207,6102699803
163,Francisca,Arne,farne4i@jalbum.net,Female,186.51.235.178,9395508853
164,Vanessa,Wear,vwear4j@livejournal.com,Female,135.232.82.227,4341992018
165,Emmit,Duffit,eduffit4k@is.gd,Male,93.54.44.194,8894547338
166,Arleyne,Mailes,amailes4l@wikia.com,Female,134.62.48.162,8728813427
167,Randolf,Highway,rhighway4m@unicef.org,Male,163.95.5.70,5533062305
168,Denny,Lilley,dlilley4n@prnewswire.com,Male,24.47.218.134,6418643781
169,Jehu,Farry,jfarry4o@ebay.co.uk,Male,9.149.142.184,8393671904
170,Mada,Sterrick,msterrick4p@sitemeter.com,Female,203.243.124.122,6945286992
171,Adah,Alfonsetto,aalfonsetto4q@booking.com,Female,65.210.96.98,1177227025
172,Alisun,Craggs,acraggs4r@ask.com,Female,145.227.27.184,7985612343
173,Bram,Evins,bevins4s@digg.com,Male,17.40.19.152,6479454162
174,Loralie,Quenby,lquenby4t@people.com.cn,Female,48.164.205.77,8492367423
175,Rupert,Schultes,rschultes4u@slideshare.net,Male,245.197.221.133,1264700163
176,Calida,Learoyde,clearoyde4v@w3.org,Female,237.205.196.152,6418231150
177,Rad,Kennon,rkennon4w@dion.ne.jp,Male,143.140.180.66,5536347649
178,Hayes,Jarrette,hjarrette4x@1und1.de,Male,108.111.253.144,8725692577
179,Renado,Peregrine,rperegrine4y@de.vu,Male,62.105.106.239,7324286203
180,Milo,Armin,marmin4z@joomla.org,Male,61.156.212.41,1054414082
181,Fulton,Wilby,fwilby50@usgs.gov,Male,189.81.28.108,5122523080
182,Hanni,Eicheler,heicheler51@ox.ac.uk,Female,178.166.3.124,4597575811
183,Natty,Costi,ncosti52@slashdot.org,Female,58.146.131.230,7618725657
184,Kailey,Fossey,kfossey53@who.int,Female,110.214.15.242,8294330231
185,Lanny,Gelderd,lgelderd54@etsy.com,Female,71.3.223.94,8918046536
186,Phylis,Lympenie,plympenie55@tumblr.com,Female,107.180.150.117,9634094841
187,Star,Brounsell,sbrounsell56@technorati.com,Female,124.66.53.192,7519235861
188,Jennica,Raiment,jraiment57@people.com.cn,Female,155.31.127.220,5667960484
189,Shalna,Wilding,swilding58@rakuten.co.jp,Female,5.83.168.26,3899724652
190,Jourdain,Dwelley,jdwelley59@example.com,Male,235.175.52.78,6678213707
191,Joaquin,Bonallick,jbonallick5a@salon.com,Male,94.10.105.194,8968935073
192,Othello,Kitcher,okitcher5b@barnesandnoble.com,Male,23.126.232.1,1721263494
193,Marcia,Allonby,mallonby5c@discuz.net,Female,176.7.241.59,7461376458
194,Ernie,Aiken,eaiken5d@salon.com,Male,87.127.172.19,5001284506
195,Jamil,Brosetti,jbrosetti5e@naver.com,Male,213.165.233.120,6124335691
196,Brady,Muzzollo,bmuzzollo5f@wordpress.com,Male,24.104.47.227,8228599206
197,Barbabas,Erricker,berricker5g@cyberchimps.com,Male,82.219.206.54,5965633043
198,Crin,Lloyd,clloyd5h@pbs.org,Female,203.132.59.118,1877922380
199,Loraine,Nolot,lnolot5i@desdev.cn,Female,89.192.85.16,3006941044
200,Tamera,Rayson,trayson5j@e-recht24.de,Female,181.149.46.172,5653444819
201,Mildrid,Greenroad,mgreenroad5k@technorati.com,Female,63.235.173.178,1643276410
202,Katherina,Emmert,kemmert5l@constantcontact.com,Female,188.9.64.30,8463673738
203,Denney,Birchill,dbirchill5m@php.net,Male,146.80.177.38,8179741054
204,Florina,Ashpital,fashpital5n@elegantthemes.com,Female,205.103.22.219,1882980117
205,Anton,Ninnotti,aninnotti5o@slideshare.net,Male,5.130.232.48,8295654437
206,Mikaela,Grcic,mgrcic5p@naver.com,Female,95.154.56.176,5936197002
207,Rena,Gudgeon,rgudgeon5q@walmart.com,Female,249.62.4.75,7861034381
208,Glori,Di Franceschi,gdifranceschi5r@wikispaces.com,Female,62.139.117.37,7376953379
209,Ashby,Wooderson,awooderson5s@sciencedaily.com,Male,190.139.141.17,2809809082
210,Althea,Menco,amenco5t@newsvine.com,Female,171.13.146.167,2813566357
211,Cirstoforo,Bullocke,cbullocke5u@xinhuanet.com,Male,205.132.80.204,2043775532
212,Christopher,Lambirth,clambirth5v@barnesandnoble.com,Male,36.109.165.0,5446771091
213,Maxi,Wettern,mwettern5w@blogspot.com,Female,237.208.204.206,6464059080
214,Maire,Creany,mcreany5x@list-manage.com,Female,118.234.101.43,7619877343
215,Pavel,Sotham,psotham5y@list-manage.com,Male,242.179.144.117,1312743156
216,Zeke,Cousen,zcousen5z@studiopress.com,Male,43.125.78.20,3688308835
217,Tabbi,Hedger,thedger60@mit.edu,Female,9.254.86.101,9239687057
218,Jeanie,Maylott,jmaylott61@feedburner.com,Female,25.108.161.76,7682277421
219,Guillema,Leatham,gleatham62@nih.gov,Female,113.120.251.192,7265846522
220,Keefe,Lloyds,klloyds63@webs.com,Male,187.254.82.54,2185444256
221,Ulysses,Bausor,ubausor64@noaa.gov,Male,116.166.248.92,2206799157
222,Caesar,Farfoot,cfarfoot65@epa.gov,Male,72.163.41.171,9953903308
223,Leelah,Brophy,lbrophy66@shinystat.com,Female,119.9.167.93,2625493526
224,Borg,Creedland,bcreedland67@eepurl.com,Male,14.201.12.92,5034537292
225,Elissa,Dobsons,edobsons68@npr.org,Female,144.0.176.232,5663108316
226,Cymbre,Karpeev,ckarpeev69@tamu.edu,Female,101.233.149.117,3263352947
227,Ali,Goldsbrough,agoldsbrough6a@ning.com,Female,37.2.188.167,9596261232
228,Valeria,Maynell,vmaynell6b@gizmodo.com,Female,152.107.136.8,4014614765
229,Marco,Dailly,mdailly6c@ezinearticles.com,Male,22.199.232.11,9834532212
230,Giffie,Roscher,groscher6d@globo.com,Male,126.144.113.27,4102814467
231,Nichol,Leefe,nleefe6e@ucla.edu,Female,32.35.126.48,6646353421
232,Jamaal,Wilce,jwilce6f@blogtalkradio.com,Male,124.203.95.151,6278052324
233,Coop,Croydon,ccroydon6g@webs.com,Male,167.175.179.87,2585099508
234,Alvin,Layson,alayson6h@msn.com,Male,36.48.116.230,4804006588
235,Fernanda,Yurin,fyurin6i@purevolume.com,Female,17.39.100.183,1632007491
236,Alisander,Janak,ajanak6j@ebay.com,Male,228.153.118.207,9133999837
237,Carmelita,Bramall,cbramall6k@exblog.jp,Female,116.109.177.54,4825186878
238,Orv,Blakelock,oblakelock6l@shop-pro.jp,Male,16.180.186.187,3639143376
239,Justin,Payze,jpayze6m@google.co.jp,Male,53.70.103.160,5778863050
240,Kain,Barthropp,kbarthropp6n@sohu.com,Male,22.233.158.224,5904765168
241,Diarmid,Brickhill,dbrickhill6o@pbs.org,Male,229.218.253.11,4336015516
242,Roch,Esson,resson6p@lulu.com,Female,97.73.20.146,5962633777
243,Herby,Godbert,hgodbert6q@pbs.org,Male,236.83.186.11,9571280122
244,Derry,Overill,doverill6r@wsj.com,Male,101.75.195.157,3447988913
245,Opalina,Parry,oparry6s@wiley.com,Female,147.240.84.207,2779598828
246,Jacky,Yersin,jyersin6t@bbb.org,Male,230.191.48.142,7791387036
247,Cecilius,Mantrip,cmantrip6u@cyberchimps.com,Male,24.239.188.3,3951625088
248,Laina,Kimblen,lkimblen6v@prnewswire.com,Female,92.150.72.127,8868444223
249,Ellyn,Kitchinghan,ekitchinghan6w@nature.com,Female,2.69.161.138,1695316477
250,Thorny,Drains,tdrains6x@hexun.com,Male,26.227.50.154,5528238967
251,Ingrim,Soutter,isoutter6y@slashdot.org,Male,49.26.68.188,7518578256
252,Shay,Stampe,sstampe6z@storify.com,Male,108.44.114.200,3339073329
253,Saree,Frantsev,sfrantsev70@sina.com.cn,Female,161.26.147.13,9688213660
254,Lorrin,Quartermain,lquartermain71@etsy.com,Female,125.116.144.179,9703272041
255,Emalee,Reffe,ereffe72@ibm.com,Female,124.21.119.43,1044308793
256,Brigida,Piens,bpiens73@nasa.gov,Female,112.21.65.125,5234415741
257,Frederica,Craigheid,fcraigheid74@businessinsider.com,Female,130.238.208.182,6895932342
258,Annie,Beglin,abeglin75@dagondesign.com,Female,29.57.175.253,3425651401
259,Sigismundo,Dorey,sdorey76@ca.gov,Male,110.180.149.115,3057068437
260,Wakefield,Spare,wspare77@jugem.jp,Male,230.115.228.0,3726229583
261,Iver,Cliburn,icliburn78@cbsnews.com,Male,168.79.44.201,5851261858
262,Laraine,Syne,lsyne79@bloglovin.com,Female,187.194.1.139,9069995460
263,Sebastian,Linny,slinny7a@netvibes.com,Male,25.28.141.17,6018741364
264,Sybille,Quest,squest7b@seesaa.net,Female,171.121.133.251,2091098289
265,Clementia,Vinker,cvinker7c@netvibes.com,Female,96.189.136.77,7312857322
266,Nicola,Houndsom,nhoundsom7d@huffingtonpost.com,Female,65.175.10.120,8172203476
267,Glenn,Klimkiewich,gklimkiewich7e@admin.ch,Male,172.134.23.246,2081736757
268,Eleni,Grishelyov,egrishelyov7f@pbs.org,Female,229.9.92.10,9339498714
269,Worth,Guest,wguest7g@techcrunch.com,Male,139.78.116.71,3746839538
270,Kermit,Poytheras,kpoytheras7h@boston.com,Male,48.200.138.173,6703850388
271,Kennedy,Borgars,kborgars7i@slideshare.net,Male,26.116.1.85,3796557370
272,Fernandina,Northidge,fnorthidge7j@uiuc.edu,Female,93.225.60.43,3109170487
273,Oona,Karby,okarby7k@archive.org,Female,234.232.113.121,1149593483
274,Andeee,Corbyn,acorbyn7l@engadget.com,Female,147.252.53.147,5518640889
275,Thaddus,Garrod,tgarrod7m@zimbio.com,Male,250.160.129.132,3024922733
276,Moina,Jean,mjean7n@wikia.com,Female,131.227.99.88,8099598515
277,Merrill,Birrane,mbirrane7o@woothemes.com,Female,186.133.209.69,3067326222
278,Nobie,Frie,nfrie7p@google.ca,Male,214.166.168.41,8659322321
279,Cornell,Lethem,clethem7q@go.com,Male,26.95.40.118,3342524448
280,Lynde,Muckian,lmuckian7r@fotki.com,Female,150.213.113.103,9161123722
281,James,Jacqueme,jjacqueme7s@cyberchimps.com,Male,102.69.43.8,7061506443
282,Yorke,Nono,ynono7t@ftc.gov,Male,51.157.115.26,2805787163
283,Batsheva,Tamburi,btamburi7u@multiply.com,Female,255.10.217.126,4729328204
284,Tonye,Bennison,tbennison7v@cpanel.net,Female,158.252.204.96,7303065557
285,Astrix,Jameson,ajameson7w@networkadvertising.org,Female,59.141.93.38,6898118149
286,Hermy,Meads,hmeads7x@oracle.com,Male,166.17.18.24,9407716215
287,Jenica,Salery,jsalery7y@bbb.org,Female,9.104.209.70,5684371484
288,Jacquelin,Winterton,jwinterton7z@weebly.com,Female,91.218.218.166,2482744872
289,Kim,Bigglestone,kbigglestone80@latimes.com,Female,85.24.123.77,3257572023
290,Hedy,Hartington,hhartington81@google.es,Female,4.113.104.114,7343709686
291,Cthrine,Gilding,cgilding82@ibm.com,Female,96.64.155.41,5708742591
292,Elisabeth,Mercy,emercy83@zimbio.com,Female,106.39.66.120,6963372941
293,Lorne,Henmarsh,lhenmarsh84@google.com,Male,72.160.194.121,9395660353
294,Mildrid,Messenbird,mmessenbird85@ucsd.edu,Female,79.46.74.79,5326358680
295,Melessa,Elloway,melloway86@trellian.com,Female,144.230.15.62,2656763188
296,Marthe,Heiden,mheiden87@usda.gov,Female,229.83.171.131,2495695033
297,Ham,Dixsee,hdixsee88@sciencedaily.com,Male,45.31.176.100,6017399638
298,Henderson,Mowle,hmowle89@auda.org.au,Male,135.184.141.155,8476504140
299,Katti,Dulake,kdulake8a@flavors.me,Female,12.60.127.117,2802252274
300,Brooks,Hatch,bhatch8b@newyorker.com,Male,7.10.14.112,5968002018
301,Marty,Byne,mbyne8c@jigsy.com,Female,30.220.113.251,2195073704
302,Casie,Goburn,cgoburn8d@delicious.com,Female,224.23.47.81,4215868461
303,Craggie,Soule,csoule8e@independent.co.uk,Male,153.46.163.10,7654039480
304,Silvain,Goldthorp,sgoldthorp8f@miibeian.gov.cn,Male,250.177.159.34,4336230322
305,Merwyn,Marris,mmarris8g@jiathis.com,Male,26.59.150.219,7587353396
306,Normand,Robelet,nrobelet8h@smh.com.au,Male,254.97.136.160,6931696564
307,Howard,Kowal,hkowal8i@addtoany.com,Male,50.236.143.30,8626124204
308,Otes,Rodger,orodger8j@alexa.com,Male,125.56.178.110,3967702394
309,Bobette,Brixey,bbrixey8k@delicious.com,Female,116.245.179.148,8192511514
310,Inesita,Marnes,imarnes8l@over-blog.com,Female,50.215.144.115,1327418565
311,Mathew,Coote,mcoote8m@yale.edu,Male,140.14.80.183,5027339576
312,Bendick,Towe,btowe8n@youtube.com,Male,76.140.77.0,1667714919
313,Etty,MacAnellye,emacanellye8o@delicious.com,Female,135.103.147.227,2635950125
314,Rozelle,Glowacha,rglowacha8p@topsy.com,Female,150.44.183.94,2151178171
315,Hersh,Nind,hnind8q@facebook.com,Male,158.37.125.170,5873400629
316,Emmye,Quilligan,equilligan8r@godaddy.com,Female,231.157.6.73,1296397191
317,Eberhard,Cordie,ecordie8s@bigcartel.com,Male,144.199.3.55,9932421054
318,Adela,Keelin,akeelin8t@intel.com,Female,208.133.64.161,2173063649
319,Domini,Korneluk,dkorneluk8u@scribd.com,Female,177.182.123.132,3549806582
320,Val,Zealander,vzealander8v@goo.ne.jp,Female,47.20.75.246,8776942231
321,Birdie,Hubbold,bhubbold8w@imdb.com,Female,3.223.213.19,3875648544
322,Delila,Grime,dgrime8x@mtv.com,Female,105.58.238.155,6457849257
323,Ferrell,Meeke,fmeeke8y@squidoo.com,Male,236.35.195.229,6973127298
324,Abran,Robke,arobke8z@acquirethisname.com,Male,57.185.187.160,4574403086
325,Carry,Yeardsley,cyeardsley90@ameblo.jp,Female,79.128.204.111,6829103588
326,Robers,Ghost,rghost91@prnewswire.com,Male,55.174.76.50,5454249023
327,Welsh,Schlag,wschlag92@gnu.org,Male,114.52.11.57,4667874357
328,Reece,Moring,rmoring93@tinypic.com,Male,50.117.245.41,5991948186
329,Thekla,Le Moucheux,tlemoucheux94@ibm.com,Female,172.252.219.35,6031488706
330,Jodi,Glasard,jglasard95@macromedia.com,Female,16.166.140.158,8039972725
331,Megen,Esp,mesp96@acquirethisname.com,Female,125.22.220.158,8232373336
332,Rae,Jansie,rjansie97@artisteer.com,Female,156.54.250.128,8068319230
333,Hy,Tomet,htomet98@nytimes.com,Male,90.174.138.81,7573149043
334,Chandra,Stokoe,cstokoe99@meetup.com,Female,189.121.127.87,1593878691
335,Shaylyn,Goacher,sgoacher9a@google.com,Female,247.197.10.100,1975352079
336,Archibaldo,Segrott,asegrott9b@de.vu,Male,184.227.168.56,9239779276
337,Cobb,Crunden,ccrunden9c@toplist.cz,Male,248.212.105.66,3736952212
338,Merry,Spedding,mspedding9d@a8.net,Male,140.165.56.159,3615672637
339,Ciel,Bridell,cbridell9e@about.me,Female,4.94.215.218,6451390663
340,Yardley,Bixley,ybixley9f@cnn.com,Male,166.124.196.232,2409885221
341,Benedetto,Hazelby,bhazelby9g@washingtonpost.com,Male,74.252.234.27,2414899975
342,Cherri,Blacksland,cblacksland9h@google.de,Female,136.20.245.105,9322237672
343,Brenda,Manna,bmanna9i@telegraph.co.uk,Female,156.205.26.42,8193653957
344,Alfie,Gateman,agateman9j@ox.ac.uk,Female,51.247.254.160,2353372638
345,West,Philipart,wphilipart9k@spiegel.de,Male,19.242.150.46,3769750265
346,Raynell,Kettles,rkettles9l@free.fr,Female,114.186.112.171,7691330738
347,Judd,Byer,jbyer9m@bloglines.com,Male,148.33.74.141,9975574503
348,Willabella,McDuff,wmcduff9n@mapquest.com,Female,44.172.27.144,6539490823
349,Bailie,MacDonogh,bmacdonogh9o@google.cn,Male,6.40.68.8,3842670371
350,Christophe,Pervoe,cpervoe9p@patch.com,Male,16.36.65.50,8698927623
351,Ervin,Eddington,eeddington9q@boston.com,Male,161.153.199.129,6795549877
352,Aline,Jarlmann,ajarlmann9r@reverbnation.com,Female,62.124.23.91,8121527782
353,L;urette,Yanshinov,lyanshinov9s@spotify.com,Female,249.252.118.92,6118237791
354,Iggie,Yearsley,iyearsley9t@hc360.com,Male,171.225.124.182,7816245401
355,Jacob,Bindley,jbindley9u@themeforest.net,Male,133.219.101.121,2695520215
356,Sholom,McAllister,smcallister9v@ft.com,Male,219.171.213.30,1802005252
357,Cynthia,Jaggs,cjaggs9w@archive.org,Female,196.106.170.214,1672383945
358,Newton,Blaszczyk,nblaszczyk9x@webnode.com,Male,203.151.127.125,2594207078
359,Dur,Pearne,dpearne9y@skyrock.com,Male,24.112.193.3,1624850435
360,Madonna,Downham,mdownham9z@timesonline.co.uk,Female,96.104.209.57,6004379329
361,Stephi,Comizzoli,scomizzolia0@skype.com,Female,40.179.169.118,9291793953
362,Doll,Dumbrill,ddumbrilla1@nih.gov,Female,192.54.190.143,2903675277
363,Tymothy,Giddings,tgiddingsa2@plala.or.jp,Male,37.39.165.224,1128667265
364,Casie,Tinner,ctinnera3@addthis.com,Female,225.245.135.76,5327746195
365,Linnet,Sporgeon,lsporgeona4@reuters.com,Female,62.25.31.238,7879767029
366,Urbano,Behne,ubehnea5@1688.com,Male,100.62.62.1,2548752991
367,Harlen,Sawell,hsawella6@networkadvertising.org,Male,151.8.244.43,3454376796
368,Shermie,Dye,sdyea7@a8.net,Male,137.122.39.231,6595719246
369,Val,Kinze,vkinzea8@state.tx.us,Male,99.235.139.237,6591055826
370,Roarke,Kuhlen,rkuhlena9@csmonitor.com,Male,198.141.67.73,8596203042
371,Rourke,Keuning,rkeuningaa@xinhuanet.com,Male,188.171.214.5,4972376732
372,Dorey,Wooldridge,dwooldridgeab@examiner.com,Female,207.47.23.217,7017308636
373,Ginny,Mibourne,gmibourneac@army.mil,Female,173.209.92.126,6853820200
374,Husain,Remmers,hremmersad@cafepress.com,Male,162.0.94.82,4265173105
375,Heda,Dobrowolski,hdobrowolskiae@edublogs.org,Female,153.116.96.60,6435130082
376,Gabriello,Methven,gmethvenaf@ft.com,Male,70.103.62.234,3607432662
377,Josias,Josilevich,jjosilevichag@wufoo.com,Male,132.51.157.225,7296599774
378,Berk,Rottger,brottgerah@sphinn.com,Male,82.68.29.84,3346786563
379,Lew,Taig,ltaigai@ow.ly,Male,219.114.250.155,2472192278
380,Rachelle,Kermeen,rkermeenaj@cloudflare.com,Female,21.228.255.82,5189675694
381,Paulie,Tipton,ptiptonak@sphinn.com,Female,45.55.185.62,7132720851
382,Janel,Gumary,jgumaryal@macromedia.com,Female,52.158.46.129,2024076689
383,Haley,Shewen,hshewenam@so-net.ne.jp,Male,67.164.248.82,2643705657
384,Sophi,Chainey,schaineyan@fotki.com,Female,39.62.170.126,4511025903
385,Gifford,Bigham,gbighamao@who.int,Male,99.14.221.55,7879942119
386,Elias,Mirfield,emirfieldap@ed.gov,Male,183.95.133.142,1498655888
387,Gayelord,Birtwhistle,gbirtwhistleaq@sciencedaily.com,Male,150.247.38.52,5895800741
388,Halsey,Latchford,hlatchfordar@technorati.com,Male,249.8.97.33,9672626479
389,Hortensia,Bauchop,hbauchopas@e-recht24.de,Female,116.40.13.101,8032613251
390,Glynn,Weal,gwealat@jugem.jp,Male,229.55.48.165,1237700188
391,Ferdinand,Filppetti,ffilppettiau@marriott.com,Male,17.25.78.236,2237414077
392,Gracia,Hum,ghumav@liveinternet.ru,Female,183.235.117.32,5942345501
393,Stefan,Darracott,sdarracottaw@latimes.com,Male,180.48.177.241,5231587759
394,Euphemia,Bremeyer,ebremeyerax@comcast.net,Female,35.54.243.214,6528272432
395,Harcourt,Monday,hmondayay@goo.gl,Male,230.215.240.0,6964549329
396,Haleigh,Tredwell,htredwellaz@indiegogo.com,Female,180.231.24.71,8488903434
397,Allister,Authers,aauthersb0@homestead.com,Male,65.9.113.128,8995530356
398,Smith,Fellis,sfellisb1@yahoo.com,Male,245.131.11.120,1467583301
399,Benji,Courteney,bcourteneyb2@nbcnews.com,Male,214.11.157.189,6979599242
400,Bendick,Benninger,bbenningerb3@technorati.com,Male,49.240.45.172,9519295089
401,Estevan,Hocking,ehockingb4@friendfeed.com,Male,237.122.13.227,6476449606
402,Joya,Castiglione,jcastiglioneb5@wikispaces.com,Female,198.79.101.216,3934762267
403,Hardy,Robottom,hrobottomb6@wp.com,Male,4.87.75.80,2976389015
404,Emelina,Stiell,estiellb7@wordpress.com,Female,159.0.80.242,9399845542
405,Gene,Tinghill,gtinghillb8@ca.gov,Female,134.89.1.36,3974643536
406,Rosalind,Golston,rgolstonb9@webs.com,Female,154.86.190.86,5679620487
407,Alister,Peres,aperesba@soundcloud.com,Male,210.238.110.143,4582388639
408,Giulia,Manna,gmannabb@gov.uk,Female,154.210.40.70,6851420048
409,Sybila,Tran,stranbc@sfgate.com,Female,155.134.154.0,6811292325
410,Arnie,Fifoot,afifootbd@sciencedirect.com,Male,81.217.251.162,5596143408
411,Linnell,Fernandes,lfernandesbe@wix.com,Female,188.22.125.5,7773193384
412,Lancelot,Lockhead,llockheadbf@miibeian.gov.cn,Male,245.100.25.72,6594562991
413,Husain,MacKibbon,hmackibbonbg@blog.com,Male,224.136.82.108,5044746144
414,Rice,Doyley,rdoyleybh@irs.gov,Male,226.23.216.253,6758298968
415,Ludovico,Torrecilla,ltorrecillabi@wisc.edu,Male,67.59.246.94,1005793497
416,Vail,Poon,vpoonbj@fda.gov,Male,147.185.200.28,2225032755
417,Sherlock,Spain-Gower,sspaingowerbk@time.com,Male,233.73.21.36,8212513153
418,Erroll,MacTavish,emactavishbl@vimeo.com,Male,183.230.11.104,7411559992
419,Joela,Carding,jcardingbm@si.edu,Female,240.164.48.222,8992143655
420,Ellissa,Ballingal,eballingalbn@unblog.fr,Female,139.4.201.19,9259779956
421,Anny,Rookesby,arookesbybo@scribd.com,Female,216.85.81.100,8509882146
422,Annemarie,Hamber,ahamberbp@reference.com,Female,214.243.243.229,7404146947
423,Margeaux,Bunclark,mbunclarkbq@storify.com,Female,238.78.156.139,5327838470
424,Rosanne,Attride,rattridebr@scientificamerican.com,Female,181.73.24.179,3559613894
425,Brnaba,Aldham,baldhambs@msu.edu,Male,209.226.93.32,4074501243
426,Kerry,MacElane,kmacelanebt@rediff.com,Female,80.24.42.204,9627366686
427,Yanaton,Boome,yboomebu@ted.com,Male,201.158.27.20,9101935582
428,Gloria,Tripcony,gtripconybv@senate.gov,Female,46.234.210.28,5026752169
429,Glory,Tidbury,gtidburybw@myspace.com,Female,132.219.255.184,9836575155
430,Gretta,Propper,gpropperbx@forbes.com,Female,248.176.145.129,8626335455
431,Guthrie,Confort,gconfortby@devhub.com,Male,73.235.45.176,7524546004
432,Stace,Jorgesen,sjorgesenbz@smh.com.au,Female,106.47.26.77,3095159036
433,Elaina,Livoir,elivoirc0@google.de,Female,221.121.179.193,7499627642
434,Merrile,Pickard,mpickardc1@mit.edu,Female,130.60.246.197,8728468435
435,Adelaide,Postlewhite,apostlewhitec2@usatoday.com,Female,101.50.147.130,2623291297
436,Ethyl,Cocker,ecockerc3@zdnet.com,Female,48.198.57.25,3118054665
437,Mariquilla,Sandiland,msandilandc4@tripadvisor.com,Female,247.138.81.213,1235452596
438,Adam,Skilbeck,askilbeckc5@gravatar.com,Male,253.93.157.137,2522181769
439,Cathe,Winch,cwinchc6@etsy.com,Female,231.41.115.138,2165582473
440,Odell,Gilhouley,ogilhouleyc7@army.mil,Male,249.174.93.13,4659448962
441,Randee,Faloon,rfaloonc8@google.pl,Female,44.7.109.11,3338279794
442,Lydie,Paur,lpaurc9@reuters.com,Female,56.50.78.157,3381657812
443,Leif,Jossel,ljosselca@sfgate.com,Male,206.77.147.182,4102557768
444,Mathe,Saggers,msaggerscb@fc2.com,Male,108.162.222.177,5688633642
445,Fin,Armiger,farmigercc@usa.gov,Male,47.198.168.79,5438247093
446,Dillie,Curtain,dcurtaincd@cbc.ca,Male,7.182.182.159,7829173066
447,Deck,Clementucci,dclementuccice@deliciousdays.com,Male,111.89.254.194,1806553352
448,Nikolaos,Willers,nwillerscf@smugmug.com,Male,90.94.116.212,4275942599
449,Jeane,Fransman,jfransmancg@hhs.gov,Female,57.105.201.214,7651172879
450,Daven,McTrustrie,dmctrustriech@sogou.com,Male,67.55.43.235,4538073903
451,Hoyt,Trass,htrassci@go.com,Male,46.132.91.157,7522331087
452,Martie,Toner,mtonercj@sfgate.com,Female,104.138.95.217,6909167462
453,Reilly,Libbe,rlibbeck@home.pl,Male,99.199.179.255,5606906335
454,Raffarty,Colquite,rcolquitecl@nationalgeographic.com,Male,65.140.94.153,6266082341
455,Karlis,Melmar,kmelmarcm@columbia.edu,Male,125.121.220.141,7628719783
456,Annice,Garvie,agarviecn@slate.com,Female,104.122.233.81,5864492676
457,Elora,Leslie,eleslieco@mit.edu,Female,40.167.112.35,7148024924
458,Red,Attock,rattockcp@cbc.ca,Male,253.25.187.74,5703552872
459,Nananne,Marcome,nmarcomecq@ameblo.jp,Female,196.101.35.129,5311744172
460,Oswald,Gaber,ogabercr@accuweather.com,Male,32.1.71.43,1053685956
461,Iosep,Bront,ibrontcs@jimdo.com,Male,87.62.143.1,6789872010
462,Robbert,Pinkie,rpinkiect@tuttocitta.it,Male,177.91.15.237,3457566314
463,Mel,Leaton,mleatoncu@sciencedirect.com,Male,85.176.247.123,3301684696
464,Thatch,Tredwell,ttredwellcv@gravatar.com,Male,114.60.100.18,2919623789
465,Milo,Messier,mmessiercw@google.pl,Male,29.146.136.72,2503766245
466,Demetra,Takos,dtakoscx@vkontakte.ru,Female,101.206.21.63,1652588352
467,Imelda,Keen,ikeency@unc.edu,Female,156.128.248.199,6436988947
468,Izabel,Scurrey,iscurreycz@bloomberg.com,Female,107.46.111.167,8501650762
469,Lezley,Girvin,lgirvind0@umich.edu,Male,173.73.24.52,2881084174
470,Lara,McGhee,lmcgheed1@patch.com,Female,55.245.204.169,6523992899
471,Harriott,Filby,hfilbyd2@skype.com,Female,60.13.105.206,6693821866
472,Bess,Petren,bpetrend3@csmonitor.com,Female,59.68.41.67,1677116004
473,Lester,Champniss,lchampnissd4@home.pl,Male,209.15.118.179,6323278508
474,Lorianne,Rosenzwig,lrosenzwigd5@amazonaws.com,Female,114.40.77.235,5995912055
475,Doy,Hellcat,dhellcatd6@google.fr,Male,37.212.143.102,6021047893
476,Alvie,Wasielewicz,awasielewiczd7@miitbeian.gov.cn,Male,202.34.160.217,8185559728
477,Ferd,Jermy,fjermyd8@homestead.com,Male,239.153.129.157,1321635603
478,Klarika,Kerslake,kkerslaked9@mozilla.org,Female,1.249.146.48,1882930312
479,Cecilla,Cauderlie,ccauderlieda@slideshare.net,Female,120.71.165.84,1125239470
480,Rurik,Pattle,rpattledb@ow.ly,Male,97.138.110.49,4397126586
481,Estevan,Duiged,eduigeddc@stanford.edu,Male,61.12.33.101,4614226361
482,Micah,Chantler,mchantlerdd@tinyurl.com,Male,163.202.234.220,4221969464
483,Dukie,Ferry,dferryde@prnewswire.com,Male,198.82.66.183,1253432932
484,Fifi,Brocklehurst,fbrocklehurstdf@odnoklassniki.ru,Female,220.181.10.167,2955039227
485,Hymie,Van der Hoven,hvanderhovendg@springer.com,Male,154.24.123.225,8761389806
486,Emmit,Shimuk,eshimukdh@printfriendly.com,Male,250.114.242.194,8684733725
487,Oran,Ravelus,oravelusdi@t-online.de,Male,175.221.102.193,3782630513
488,Maribel,Brugman,mbrugmandj@who.int,Female,39.175.49.12,7509847850
489,Roslyn,Sweedy,rsweedydk@marriott.com,Female,6.207.104.38,3492742866
490,Geoffrey,Fordy,gfordydl@zdnet.com,Male,218.198.40.151,4016193799
491,Roshelle,Alman,ralmandm@tumblr.com,Female,174.148.92.171,1127181692
492,Marta,Bracer,mbracerdn@github.io,Female,110.198.43.75,7304815626
493,Brigg,Brind,bbrinddo@baidu.com,Male,1.193.92.196,9291561499
494,Ive,Arrigucci,iarriguccidp@rambler.ru,Male,28.5.51.151,9581123622
495,Kissie,Avrahamian,kavrahamiandq@homestead.com,Female,35.43.65.8,4271137886
496,Brianne,Kiddye,bkiddyedr@jugem.jp,Female,56.127.75.163,8931574828
497,Ekaterina,Padkin,epadkinds@microsoft.com,Female,101.215.82.84,1317302493
498,Lurlene,Deeth,ldeethdt@macromedia.com,Female,47.162.23.98,9899686638
499,Rollin,Deakin,rdeakindu@so-net.ne.jp,Male,88.112.31.52,4729895715
500,Dulcinea,Scarse,dscarsedv@technorati.com,Female,101.181.39.195,7101668168
501,Mindy,Fadden,mfaddendw@hao123.com,Female,1.73.172.43,7973029146
502,Tami,Carrigan,tcarrigandx@ebay.com,Female,221.162.230.187,3547218636
503,Drusie,Cattermull,dcattermulldy@wsj.com,Female,120.23.181.201,2115820726
504,Dagmar,Ramsdale,dramsdaledz@opera.com,Female,240.134.236.34,7656960546
505,Johnathan,Aggott,jaggotte0@pen.io,Male,248.7.110.236,3197365887
506,Terrill,Miners,tminerse1@amazon.com,Male,96.195.82.167,2256409216
507,Blanche,Gayden,bgaydene2@unesco.org,Female,0.152.230.157,2167361350
508,Carlie,Adamo,cadamoe3@rediff.com,Female,116.179.214.178,7294336171
509,Hughie,Carmont,hcarmonte4@nydailynews.com,Male,234.204.160.59,1157466384
510,Eveleen,Van Hault,evanhaulte5@wsj.com,Female,127.172.171.35,9721371412
511,Luca,Boardman,lboardmane6@ucoz.ru,Male,115.219.177.170,6248330236
512,Editha,Scaice,escaicee7@phpbb.com,Female,49.215.206.194,6347087938
513,Linette,Bremner,lbremnere8@yelp.com,Female,126.214.201.151,7654659812
514,Cyrillus,Nethercott,cnethercotte9@creativecommons.org,Male,223.218.96.175,7793033925
515,Nestor,Havenhand,nhavenhandea@sitemeter.com,Male,63.107.245.124,5137670408
516,Elvin,Manthroppe,emanthroppeeb@google.nl,Male,37.235.170.52,7414615220
517,Reider,Gilcriest,rgilcriestec@vinaora.com,Male,191.147.206.199,5167601401
518,Lin,Ferriday,lferridayed@sbwire.com,Male,7.67.79.239,7966540124
519,Leonelle,Verillo,lverilloee@wisc.edu,Female,208.140.70.217,6502884367
520,Demetri,Paoletto,dpaolettoef@si.edu,Male,7.211.110.122,2167323484
521,Tabina,Boutell,tboutelleg@google.es,Female,134.149.221.56,2475944240
522,Caty,Brehaut,cbrehauteh@csmonitor.com,Female,105.106.145.137,1373447992
523,Brendan,Ribchester,bribchesterei@addthis.com,Male,158.91.29.225,9208172725
524,Jeffie,Cullivan,jcullivanej@ehow.com,Male,172.132.254.223,2291255309
525,Chet,Blaze,cblazeek@house.gov,Male,56.43.72.114,1976214629
526,Tomasina,Byne,tbyneel@netscape.com,Female,71.249.59.213,5085021197
527,Merell,Wemyss,mwemyssem@nih.gov,Male,211.38.225.89,5905834071
528,Prudi,Beckwith,pbeckwithen@nymag.com,Female,235.17.36.32,5852947031
529,Grannie,Erat,gerateo@fda.gov,Male,128.248.143.177,8231453347
530,Avery,Lincke,alinckeep@wikia.com,Male,78.29.45.124,1558410601
531,Lazarus,Larive,llariveeq@tiny.cc,Male,138.102.141.217,1745155300
532,Venus,Inde,vindeer@yolasite.com,Female,83.61.28.22,8633195075
533,Hali,Twallin,htwallines@mozilla.org,Female,99.32.126.226,6953756851
534,Thorin,Messum,tmessumet@ca.gov,Male,78.183.67.184,4434959630
535,Patin,Rutledge,prutledgeeu@yandex.ru,Male,149.132.102.254,4106977462
536,Waylon,Gounard,wgounardev@cornell.edu,Male,118.194.88.203,7846796798
537,Hi,Reubbens,hreubbensew@jugem.jp,Male,14.18.153.134,6204517634
538,Louise,Rubenov,lrubenovex@bluehost.com,Female,39.17.97.41,2244116155
539,Gherardo,Hebdon,ghebdoney@1und1.de,Male,205.15.81.16,6882586943
540,Ardene,Trembley,atrembleyez@wordpress.com,Female,147.75.205.185,7199698985
541,Ceciley,Ingree,cingreef0@forbes.com,Female,227.73.87.213,2769117456
542,Ofelia,Wombwell,owombwellf1@google.ru,Female,124.89.118.191,1674843687
543,Ginelle,Whitsey,gwhitseyf2@state.tx.us,Female,30.156.80.42,5025864502
544,Fairleigh,Rens,frensf3@oracle.com,Male,233.199.100.128,2215623514
545,Granny,Dufty,gduftyf4@berkeley.edu,Male,9.58.189.179,8987702523
546,Storm,Dolden,sdoldenf5@ycombinator.com,Female,48.21.157.116,4197870674
547,Inglebert,Faussett,ifaussettf6@example.com,Male,231.76.38.240,6999234105
548,Tamar,Basek,tbasekf7@topsy.com,Female,21.62.125.77,9022239794
549,Calley,Langland,clanglandf8@angelfire.com,Female,96.199.205.171,1881249508
550,Tony,Kirkbright,tkirkbrightf9@prweb.com,Male,230.67.86.239,6383129917
551,Giustina,Atkinson,gatkinsonfa@uol.com.br,Female,239.97.77.35,6764679526
552,Zachary,Drummond,zdrummondfb@pcworld.com,Male,68.228.74.79,5149427372
553,Janeczka,Lawrenceson,jlawrencesonfc@yandex.ru,Female,63.54.206.74,1809916631
554,Marietta,Cowans,mcowansfd@hibu.com,Male,49.81.95.173,3187422968
555,Kennedy,Gasken,kgaskenfe@meetup.com,Male,130.128.165.99,3601735018
556,Guendolen,Fairhall,gfairhallff@sina.com.cn,Female,215.162.134.67,4028710224
557,Arda,Axcell,aaxcellfg@amazon.co.jp,Female,136.255.6.134,6114695486
558,Erin,Goudge,egoudgefh@bloomberg.com,Male,165.236.157.118,7178350829
559,Ky,Garrud,kgarrudfi@cpanel.net,Male,191.254.236.20,2028472292
560,Granthem,Januszewski,gjanuszewskifj@smh.com.au,Male,251.205.195.156,7492639273
561,Delly,Shoobridge,dshoobridgefk@bluehost.com,Female,75.93.52.188,9308519457
562,Nevile,Bonifacio,nbonifaciofl@privacy.gov.au,Male,203.83.231.193,5172623869
563,Quinn,Hofer,qhoferfm@myspace.com,Male,121.66.194.249,3711913311
564,Arvy,Meeus,ameeusfn@pbs.org,Male,168.61.20.33,8679847648
565,Jackquelin,Cranch,jcranchfo@blog.com,Female,67.217.23.6,3307459198
566,Joleen,O'Mahoney,jomahoneyfp@dmoz.org,Female,124.144.170.131,1011601684
567,Billi,Casford,bcasfordfq@noaa.gov,Female,42.134.17.103,4055326976
568,Tuck,McMillan,tmcmillanfr@blogger.com,Male,188.140.39.39,4133570496
569,Cirillo,Matushevitz,cmatushevitzfs@ucoz.ru,Male,99.184.82.143,6644370991
570,Flinn,Latek,flatekft@cocolog-nifty.com,Male,55.136.217.153,7682431014
571,Taddeusz,Behrens,tbehrensfu@indiegogo.com,Male,108.86.213.33,8771450241
572,Rosalia,Tarbett,rtarbettfv@bloglovin.com,Female,44.21.86.1,8329159467
573,Gibbie,Purveys,gpurveysfw@macromedia.com,Male,147.113.114.97,2038741282
574,Charlene,Whitwood,cwhitwoodfx@prweb.com,Female,173.44.159.131,3931189604
575,Julie,Goard,jgoardfy@gmpg.org,Male,69.117.43.91,8446011472
576,Berrie,Castellaccio,bcastellacciofz@dot.gov,Female,159.175.49.164,7591602515
577,Doralynn,Di Pietro,ddipietrog0@arstechnica.com,Female,173.43.19.85,5921896381
578,Hyacinthia,Gutowska,hgutowskag1@npr.org,Female,46.115.83.247,3399504883
579,Christen,McCahill,cmccahillg2@macromedia.com,Female,153.13.18.231,8046765435
580,Lenee,Takos,ltakosg3@skype.com,Female,164.49.250.88,8121872956
581,Haily,Ivain,hivaing4@vkontakte.ru,Male,196.62.15.60,1163278912
582,Ursola,Bohlens,ubohlensg5@ucoz.ru,Female,65.77.93.127,3148117388
583,Murray,Leverson,mleversong6@people.com.cn,Male,56.32.50.48,6846436310
584,Kassie,Scarborough,kscarboroughg7@sina.com.cn,Female,113.61.132.153,5724540186
585,Stevie,Longlands,slonglandsg8@wikipedia.org,Male,224.173.111.36,9665361053
586,Leonanie,Crosscombe,lcrosscombeg9@illinois.edu,Female,220.197.152.169,5176132059
587,Horatia,Beiderbecke,hbeiderbeckega@salon.com,Female,196.205.85.198,6269419265
588,Jase,Biddlecombe,jbiddlecombegb@mayoclinic.com,Male,3.53.51.132,2844031548
589,Fanni,Saipy,fsaipygc@springer.com,Female,46.76.230.6,8368459510
590,Finn,Towler,ftowlergd@instagram.com,Male,153.210.88.221,3528256348
591,Teddie,Brien,tbrienge@sitemeter.com,Female,175.41.101.233,6639511686
592,Tabbatha,August,taugustgf@amazon.com,Female,181.19.215.202,3405211898
593,Elsinore,O'Neill,eoneillgg@si.edu,Female,143.92.254.178,1659187070
594,Ingmar,Allsopp,iallsoppgh@altervista.org,Male,88.193.134.84,1563710491
595,Rhetta,Mennell,rmennellgi@sakura.ne.jp,Female,191.108.68.137,8789088665
596,Edi,Grabham,egrabhamgj@wired.com,Female,115.61.190.44,1339570532
597,Jessamyn,Martinovsky,jmartinovskygk@intel.com,Female,179.117.141.200,7822064223
598,Cristobal,O'Hartnedy,cohartnedygl@narod.ru,Male,114.90.131.12,2907622952
599,Nananne,Moneti,nmonetigm@newyorker.com,Female,84.28.74.68,5004959251
600,Guillermo,Bizley,gbizleygn@jugem.jp,Male,89.145.85.122,4135907046
601,Bendite,Barczynski,bbarczynskigo@hud.gov,Female,33.42.153.206,3229513028
602,Esteban,Ticehurst,eticehurstgp@ucsd.edu,Male,138.220.156.200,9151952980
603,Thurstan,McKenna,tmckennagq@dion.ne.jp,Male,51.45.147.12,8051705234
604,Sutherlan,Blazej,sblazejgr@ameblo.jp,Male,89.231.103.103,9152773430
605,Shepherd,Palke,spalkegs@tinyurl.com,Male,226.125.141.202,4038276833
606,Amberly,Sacher,asachergt@studiopress.com,Female,225.173.223.253,2584032400
607,Adi,MacCallum,amaccallumgu@github.com,Female,95.202.8.8,8536996343
608,Cozmo,Lamasna,clamasnagv@europa.eu,Male,33.40.20.56,5316701396
609,Albertina,Snibson,asnibsongw@omniture.com,Female,73.174.228.16,9799413368
610,Delly,Lambarth,dlambarthgx@upenn.edu,Female,138.250.39.220,4274644841
611,Avictor,Chatenier,achateniergy@51.la,Male,216.107.127.236,5081887107
612,Margaretta,Pollie,mpolliegz@qq.com,Female,102.206.240.52,2621877106
613,Brina,Calver,bcalverh0@seattletimes.com,Female,213.100.140.30,9801830575
614,Sonni,Pinsent,spinsenth1@tiny.cc,Female,135.16.166.32,1448138432
615,Janessa,Houselee,jhouseleeh2@ucla.edu,Female,121.44.150.153,9531975182
616,Lawry,Collyer,lcollyerh3@answers.com,Male,252.2.162.120,1399966807
617,Laurena,Clifford,lcliffordh4@joomla.org,Female,47.89.230.108,9942223219
618,Chrissie,Mum,cmumh5@hao123.com,Male,57.153.38.182,7498248805
619,Ban,Sumpter,bsumpterh6@themeforest.net,Male,7.192.199.249,2775778596
620,Dorelia,Jansa,djansah7@youku.com,Female,95.169.202.104,3858759967
621,Faydra,Thackham,fthackhamh8@toplist.cz,Female,172.44.197.1,8058525399
622,Addison,Chaize,achaizeh9@newyorker.com,Male,47.68.74.167,2279429849
623,Regan,Doughartie,rdoughartieha@squidoo.com,Male,64.135.39.146,2471666274
624,Codie,Weetch,cweetchhb@webs.com,Female,166.208.216.131,3146874905
625,Abagail,Butner,abutnerhc@issuu.com,Female,220.135.176.213,7378379244
626,Krystal,Biaggiotti,kbiaggiottihd@oracle.com,Female,252.201.3.107,7152629271
627,Carlotta,Grinikhinov,cgrinikhinovhe@ed.gov,Female,229.217.105.242,1106813158
628,Larina,Pugsley,lpugsleyhf@sitemeter.com,Female,115.229.21.192,6408968798
629,Silva,Kurten,skurtenhg@nifty.com,Female,50.89.189.89,7904150849
630,Loraine,Boswell,lboswellhh@imdb.com,Female,5.177.215.175,9225287954
631,Rosemaria,Male,rmalehi@mediafire.com,Female,104.222.186.212,7362353383
632,Bradan,Sallans,bsallanshj@drupal.org,Male,209.117.224.20,7833805037
633,Billy,Teresi,bteresihk@thetimes.co.uk,Male,95.151.52.29,4104680462
634,Shelbi,Cromett,scrometthl@paypal.com,Female,179.53.205.149,3825221252
635,Catlee,Olsson,colssonhm@woothemes.com,Female,0.144.198.228,3659504093
636,Nickolas,Mapston,nmapstonhn@imdb.com,Male,229.24.137.28,4028479592
637,Cathlene,Note,cnoteho@examiner.com,Female,127.140.48.223,4529566949
638,Wallas,Edards,wedardshp@wsj.com,Male,242.131.232.93,9928381231
639,Dorothy,Bagby,dbagbyhq@merriam-webster.com,Female,240.68.227.236,7531360141
640,Abigale,Gregan,agreganhr@feedburner.com,Female,54.0.164.152,7315716516
641,Gun,Livings,glivingshs@arstechnica.com,Male,191.166.209.83,7241695542
642,Mohammed,Oxbie,moxbieht@netvibes.com,Male,70.33.131.11,4681980591
643,Carlin,Gierth,cgierthhu@geocities.com,Male,202.138.13.152,6165730895
644,Ruddy,Ipwell,ripwellhv@csmonitor.com,Male,20.197.255.198,3872003627
645,Andree,Edmeades,aedmeadeshw@jalbum.net,Female,245.59.138.221,8794917369
646,Carmelle,Spragg,cspragghx@mozilla.org,Female,10.245.88.233,8159679281
647,Freemon,Emslie,femsliehy@craigslist.org,Male,22.156.19.174,2936219034
648,Hetty,Ronca,hroncahz@imageshack.us,Female,237.109.22.70,1581947387
649,Erhart,Woolrich,ewoolrichi0@opensource.org,Male,143.72.105.88,8639302482
650,Margaux,Montford,mmontfordi1@blogs.com,Female,82.223.251.184,4569120071
651,Tori,Hince,thincei2@tinypic.com,Female,228.70.21.38,6121903063
652,Maryellen,Cornfoot,mcornfooti3@storify.com,Female,100.110.8.117,9001009309
653,Jackqueline,Feeley,jfeeleyi4@about.me,Female,81.10.131.225,6943685515
654,Marje,Grandison,mgrandisoni5@nsw.gov.au,Female,250.210.150.193,5816030539
655,Griffin,Lanphier,glanphieri6@hc360.com,Male,62.166.86.6,1722192019
656,Curtis,Lambal,clambali7@nymag.com,Male,8.187.110.107,9212248644
657,Adria,Glanert,aglanerti8@sciencedirect.com,Female,50.141.254.168,9219897789
658,Emanuel,Redhole,eredholei9@mac.com,Male,251.220.56.220,9969626195
659,Ingar,Berger,ibergeria@bbc.co.uk,Male,0.90.139.86,1721914781
660,Frants,Hickisson,fhickissonib@wordpress.com,Male,220.143.9.59,7199731596
661,Delly,Coltart,dcoltartic@senate.gov,Female,125.89.138.18,4593176563
662,Matthaeus,Di Ruggero,mdiruggeroid@state.tx.us,Male,168.101.171.159,6006735889
663,Roze,Kowalik,rkowalikie@networkadvertising.org,Female,172.190.54.88,9755752447
664,Lalo,Fassam,lfassamif@geocities.com,Male,202.68.163.98,1328632872
665,Webster,Blofeld,wblofeldig@soup.io,Male,232.24.181.113,2685420924
666,Randene,Bagg,rbaggih@about.com,Female,166.242.15.245,2728886381
667,Galven,Blaase,gblaaseii@independent.co.uk,Male,251.229.42.255,3138159616
668,Ronnie,Paladini,rpaladiniij@foxnews.com,Male,141.61.98.95,2335771067
669,Barron,Youel,byouelik@google.es,Male,8.178.196.206,7052524209
670,Roberta,Seckom,rseckomil@cmu.edu,Female,208.254.212.225,6384060867
671,Theodore,Baldin,tbaldinim@google.it,Male,67.221.120.94,4891455458
672,Jess,Birkenshaw,jbirkenshawin@nasa.gov,Male,114.159.142.255,4629068517
673,Emmanuel,Pocknoll,epocknollio@cam.ac.uk,Male,195.101.95.17,6952842775
674,Jayne,Floyde,jfloydeip@reuters.com,Female,28.59.187.237,3323161442
675,Charis,O'Fearguise,cofearguiseiq@1688.com,Female,73.112.5.75,6672737074
676,Dorice,Tawton,dtawtonir@blogs.com,Female,13.152.145.201,5399499299
677,Alessandro,Mancktelow,amancktelowis@blogger.com,Male,207.100.96.233,9688324839
678,Jarrod,Edinburgh,jedinburghit@google.nl,Male,16.8.128.188,5337064839
679,Peirce,Lorenz,plorenziu@i2i.jp,Male,137.252.60.220,9866782330
680,Thatcher,Ostick,tostickiv@cnbc.com,Male,124.158.0.141,5008457816
681,Damara,Nobes,dnobesiw@addtoany.com,Female,239.27.188.169,7971344262
682,Dyann,Heskey,dheskeyix@apache.org,Female,123.248.166.81,4175725948
683,Sterling,Marvel,smarveliy@nbcnews.com,Male,50.99.218.133,4794940047
684,Vita,Benoi,vbenoiiz@a8.net,Female,145.232.108.69,8383420787
685,Robers,Laurenson,rlaurensonj0@creativecommons.org,Male,32.185.78.148,2556563141
686,Tailor,Hubbock,thubbockj1@sina.com.cn,Male,120.216.85.239,7249712194
687,Rosabel,Orvis,rorvisj2@marketwatch.com,Female,29.243.84.108,6908600122
688,Alfy,Allmond,aallmondj3@ibm.com,Female,112.8.109.109,7604527586
689,Nollie,Worner,nwornerj4@businessinsider.com,Male,174.172.40.58,2783856528
690,Uriel,Cranstoun,ucranstounj5@ifeng.com,Male,117.167.2.207,6308283638
691,Bettine,Craigmile,bcraigmilej6@sciencedaily.com,Female,217.238.92.215,7294102737
692,Kaylil,Bartol,kbartolj7@china.com.cn,Female,101.100.232.211,5987138962
693,Sophie,Neem,sneemj8@telegraph.co.uk,Female,148.217.160.15,1667755213
694,Stu,Hogsden,shogsdenj9@msn.com,Male,74.77.55.58,7867713179
695,Mersey,Gebbie,mgebbieja@pbs.org,Female,117.235.70.55,6455139625
696,Worden,Byart,wbyartjb@macromedia.com,Male,108.237.196.58,8532601124
697,Toiboid,Wilse,twilsejc@ox.ac.uk,Male,145.50.175.160,9728455404
698,Ketti,Karlolak,kkarlolakjd@fema.gov,Female,147.78.105.238,6813417070
699,Dane,Lunck,dlunckje@nytimes.com,Male,184.130.252.174,7219040405
700,Theda,Meffan,tmeffanjf@51.la,Female,178.155.247.83,7491620903
701,Aeriel,Rodman,arodmanjg@goo.gl,Female,92.166.57.99,6743696442
702,Melly,Nield,mnieldjh@independent.co.uk,Female,143.230.208.214,3455476132
703,Aloise,Greenham,agreenhamji@facebook.com,Female,204.207.84.37,6065108888
704,Albert,Dukesbury,adukesburyjj@jalbum.net,Male,106.60.103.83,6076821136
705,Leif,Povey,lpoveyjk@comsenz.com,Male,199.219.68.217,6642668305
706,Evelina,Meriet,emerietjl@ycombinator.com,Female,195.86.58.170,1391631380
707,Neddie,Bissell,nbisselljm@sina.com.cn,Male,25.158.73.214,5096626957
708,Germaine,Oakton,goaktonjn@mail.ru,Male,225.80.164.83,8227194434
709,Koo,Tibbles,ktibblesjo@google.com.hk,Female,85.107.187.173,2313382438
710,Laurice,Ledgerton,lledgertonjp@icio.us,Female,88.109.92.242,4549366681
711,Bill,Bruyntjes,bbruyntjesjq@fc2.com,Male,46.231.53.11,7651279018
712,Myrah,Espinoy,mespinoyjr@howstuffworks.com,Female,87.2.29.251,8527358757
713,Had,Dominico,hdominicojs@about.me,Male,166.46.241.110,4963583739
714,Orlan,Cayton,ocaytonjt@multiply.com,Male,210.26.33.4,3751258314
715,Sara-ann,Janosevic,sjanosevicju@ocn.ne.jp,Female,60.192.12.252,1144615545
716,Kata,Dickman,kdickmanjv@storify.com,Female,74.192.213.11,4724790344
717,Rachele,Judron,rjudronjw@flickr.com,Female,111.97.216.105,6438445504
718,Barnaby,McPharlain,bmcpharlainjx@whitehouse.gov,Male,115.231.199.221,5205857614
719,Clarisse,Tomasoni,ctomasonijy@bloglines.com,Female,152.165.233.74,8381386926
720,Fowler,Wardall,fwardalljz@hibu.com,Male,14.151.22.36,4991306961
721,Agace,Matschke,amatschkek0@stanford.edu,Female,145.167.44.238,2324159640
722,Lezley,Hucke,lhuckek1@mozilla.com,Male,15.193.67.108,9629672213
723,Skell,Greatham,sgreathamk2@irs.gov,Male,106.240.92.10,9943229894
724,Barbaraanne,MacCarlich,bmaccarlichk3@dion.ne.jp,Female,151.204.205.4,5551239742
725,Modestine,Beine,mbeinek4@blogspot.com,Female,7.102.217.34,3199655417
726,Malorie,Gummie,mgummiek5@jugem.jp,Female,217.141.245.54,5663939845
727,Thorny,Philippsohn,tphilippsohnk6@miibeian.gov.cn,Male,124.90.95.95,1765203817
728,Cyndie,Hendricks,chendricksk7@cdbaby.com,Female,240.178.136.108,3559538452
729,Ira,Bingell,ibingellk8@imageshack.us,Male,34.228.204.217,4766982918
730,Maynord,Whitnall,mwhitnallk9@deliciousdays.com,Male,7.50.12.8,4266966616
731,Giselle,Cutting,gcuttingka@hc360.com,Female,124.243.150.183,4864385912
732,Barbey,Gannan,bgannankb@nymag.com,Female,5.107.128.15,7542702337
733,Roxie,Pollard,rpollardkc@cbc.ca,Female,186.238.174.88,5915040488
734,Veronike,Gisby,vgisbykd@time.com,Female,247.111.76.110,8597471790
735,Rockwell,Mongin,rmonginke@usnews.com,Male,53.88.110.162,8329931405
736,Ashlan,Scarasbrick,ascarasbrickkf@delicious.com,Female,176.66.162.104,8411889136
737,Sacha,Benedikt,sbenediktkg@sohu.com,Female,246.134.13.52,9702611069
738,Weber,Carver,wcarverkh@addtoany.com,Male,170.86.92.208,3828106061
739,Chad,Wollers,cwollerski@springer.com,Female,161.112.143.114,2636940525
740,Kristo,Jest,kjestkj@indiatimes.com,Male,109.122.60.86,9264805548
741,Anne-corinne,Glendining,aglendiningkk@ebay.co.uk,Female,221.202.251.145,8501230066
742,Katerina,Dulieu,kdulieukl@elegantthemes.com,Female,233.196.226.125,1637473860
743,Jared,Vondrach,jvondrachkm@jugem.jp,Male,246.221.122.57,1631995985
744,Cassandre,Gatsby,cgatsbykn@wikia.com,Female,11.196.76.233,6596506880
745,Renell,Onele,roneleko@google.co.uk,Female,116.38.63.5,5019281472
746,Loydie,Rocco,lroccokp@goo.ne.jp,Male,49.49.116.219,4196953707
747,Laird,Adamoli,ladamolikq@geocities.com,Male,96.142.34.224,7497471657
748,Wileen,Popley,wpopleykr@sfgate.com,Female,224.38.128.119,7248509415
749,Rooney,Lennard,rlennardks@tinyurl.com,Male,8.197.166.57,3438715634
750,Venita,Beeswing,vbeeswingkt@xrea.com,Female,233.40.143.159,3705345220
751,Garfield,Bakhrushin,gbakhrushinku@youku.com,Male,67.66.0.254,5713581363
752,Norby,Saiger,nsaigerkv@phpbb.com,Male,16.65.122.30,4385030387
753,Konstantin,Hamblington,khamblingtonkw@sbwire.com,Male,126.46.103.129,3811164874
754,Morey,Munnis,mmunniskx@nih.gov,Male,209.168.2.159,3014149300
755,Oswald,Yukhnov,oyukhnovky@java.com,Male,73.105.50.3,2588555645
756,Verna,Pigott,vpigottkz@senate.gov,Female,112.34.220.185,6544316183
757,Gwyn,Nazareth,gnazarethl0@skyrock.com,Female,163.174.48.170,3607020269
758,Brinna,Caltera,bcalteral1@home.pl,Female,160.62.95.122,4029055151
759,Craig,Duigenan,cduigenanl2@netlog.com,Male,48.124.41.78,7258259700
760,Wilhelm,Semkins,wsemkinsl3@cbc.ca,Male,63.175.80.213,9495472077
761,Horace,Carlson,hcarlsonl4@addthis.com,Male,69.252.116.231,1151548805
762,Joachim,Dutnall,jdutnalll5@arizona.edu,Male,215.108.232.189,6438145291
763,Izaak,Caldicott,icaldicottl6@behance.net,Male,2.50.85.102,7774828582
764,Adelice,Tedstone,atedstonel7@pen.io,Female,88.6.152.151,6841051867
765,Lane,Duckett,lduckettl8@mysql.com,Male,141.130.207.91,8673910033
766,Fernanda,Sole,fsolel9@google.com,Female,15.116.130.178,7527913621
767,Wynn,Kimmerling,wkimmerlingla@hhs.gov,Male,198.71.195.185,3166533366
768,Dolley,Iskowitz,diskowitzlb@etsy.com,Female,112.106.70.99,6935446507
769,Aida,Giraudel,agiraudellc@addthis.com,Female,196.160.171.248,8366565377
770,Rafaelita,Labden,rlabdenld@narod.ru,Female,137.24.84.118,4069919254
771,Raven,Aristide,raristidele@surveymonkey.com,Female,142.232.64.67,5541266497
772,Fayth,Wink,fwinklf@nyu.edu,Female,168.83.118.26,1182105165
773,Sonya,Ballchin,sballchinlg@simplemachines.org,Female,174.98.125.142,2863827121
774,Robbie,Rambaut,rrambautlh@theguardian.com,Male,90.238.61.153,7495666073
775,Martha,Isac,misacli@qq.com,Female,180.218.127.166,1288262157
776,Krystal,Phoenix,kphoenixlj@twitpic.com,Female,140.237.247.102,5891022466
777,Conn,McNutt,cmcnuttlk@freewebs.com,Male,40.123.244.117,7887927571
778,Dee dee,Marden,dmardenll@opensource.org,Female,40.57.129.157,7137167541
779,Minetta,Hancorn,mhancornlm@kickstarter.com,Female,18.15.248.94,1493841758
780,Godfree,O'Carroll,gocarrollln@google.ca,Male,97.89.4.93,7283154157
781,Alric,Greenough,agreenoughlo@baidu.com,Male,190.121.129.55,4914784740
782,Raleigh,Bithany,rbithanylp@alibaba.com,Male,131.160.38.147,6124942531
783,Olag,Scollan,oscollanlq@forbes.com,Male,124.203.0.248,2677401154
784,Bidget,Robbs,brobbslr@yahoo.co.jp,Female,8.136.95.13,4268404383
785,Kaela,Pykerman,kpykermanls@mapy.cz,Female,48.152.70.161,1637948219
786,Geoff,Sherrin,gsherrinlt@indiegogo.com,Male,246.54.68.63,5724934136
787,Ruth,Horley,rhorleylu@redcross.org,Female,37.240.194.78,7024251561
788,Phil,Elleray,pelleraylv@facebook.com,Male,126.182.120.194,1695170369
789,Ethe,Ventris,eventrislw@independent.co.uk,Male,209.207.214.149,9514420107
790,Kennan,Souter,ksouterlx@arizona.edu,Male,134.112.49.163,3246867460
791,Winslow,Kirrage,wkirragely@theguardian.com,Male,208.87.254.95,2261509791
792,Deb,Tichelaar,dtichelaarlz@yale.edu,Female,139.241.193.218,9229754173
793,Lewie,Fipp,lfippm0@amazon.co.uk,Male,179.12.170.95,3029667561
794,Randi,Van den Bosch,rvandenboschm1@cam.ac.uk,Female,167.27.145.75,4245308248
795,Claudell,Manna,cmannam2@feedburner.com,Male,192.106.64.22,1127190144
796,Claire,Kelinge,ckelingem3@ifeng.com,Female,80.156.226.203,6808106885
797,Garreth,Dalmon,gdalmonm4@vimeo.com,Male,158.189.233.181,7924254849
798,Mic,Grono,mgronom5@google.com,Male,214.182.132.125,1984191284
799,Harley,Lippard,hlippardm6@flavors.me,Male,23.211.19.66,3076663113
800,Zolly,Hanning,zhanningm7@facebook.com,Male,212.215.152.140,2269603269
801,Dallas,Kibbye,dkibbyem8@independent.co.uk,Male,175.195.213.234,1417566499
802,Dominik,Riedel,driedelm9@usatoday.com,Male,100.218.190.214,5965585370
803,Jori,Groarty,jgroartyma@barnesandnoble.com,Female,225.93.180.125,8249511185
804,Costanza,Bleibaum,cbleibaummb@soundcloud.com,Female,68.217.151.213,2377408486
805,Phaidra,Michurin,pmichurinmc@4shared.com,Female,107.99.36.87,3274241115
806,Inga,Massot,imassotmd@ebay.co.uk,Female,59.104.88.183,5861720183
807,Jinny,Champain,jchampainme@wunderground.com,Female,164.207.87.126,8659023516
808,Tressa,Mackness,tmacknessmf@microsoft.com,Female,212.120.226.33,1417699489
809,Patrizia,Gibbings,pgibbingsmg@pagesperso-orange.fr,Female,16.161.31.222,1475195863
810,Arlin,Skelding,askeldingmh@sun.com,Male,36.242.70.192,6446626214
811,Delia,Winship,dwinshipmi@wikimedia.org,Female,196.238.236.108,6098951984
812,Kevon,Pavy,kpavymj@drupal.org,Male,160.1.91.156,7683785123
813,Gail,Deviney,gdevineymk@who.int,Female,48.175.18.186,9542786926
814,Carlene,Boller,cbollerml@berkeley.edu,Female,165.0.26.34,3959361931
815,Bonny,Smartman,bsmartmanmm@guardian.co.uk,Female,63.56.144.85,1538075084
816,Gui,Glewe,gglewemn@senate.gov,Female,209.6.2.200,3155209107
817,Clari,Wethey,cwetheymo@sbwire.com,Female,91.60.52.178,5218881809
818,Fawne,Sargerson,fsargersonmp@hhs.gov,Female,40.24.211.119,1176844998
819,Reinwald,Cheak,rcheakmq@multiply.com,Male,170.180.53.181,6121493967
820,Toddie,Stenyng,tstenyngmr@mysql.com,Male,205.20.6.38,5868470599
821,Talbot,Ruzic,truzicms@clickbank.net,Male,94.57.171.72,5824394429
822,Carmine,Mealing,cmealingmt@cyberchimps.com,Male,10.127.233.182,3285620396
823,Ardelle,Fraczak,afraczakmu@theatlantic.com,Female,156.174.193.132,4687714696
824,Cad,Hudghton,chudghtonmv@ft.com,Male,115.187.99.149,3563689008
825,Coreen,Lodder,cloddermw@house.gov,Female,180.26.39.177,2105345128
826,Emogene,Mountstephen,emountstephenmx@howstuffworks.com,Female,32.56.141.224,5298446798
827,Vinnie,Renzullo,vrenzullomy@youku.com,Male,102.226.156.90,7595776280
828,Ethelind,MacEvilly,emacevillymz@ovh.net,Female,159.175.15.173,7886367677
829,Ana,Chasmor,achasmorn0@yahoo.com,Female,198.53.136.120,2178345473
830,Esta,Bingall,ebingalln1@vistaprint.com,Female,254.71.112.145,2445382651
831,Lisbeth,Duddridge,lduddridgen2@people.com.cn,Female,250.180.99.198,9069354124
832,Lina,Simnor,lsimnorn3@utexas.edu,Female,109.221.185.189,2477210660
833,Gussi,Rosenbusch,grosenbuschn4@naver.com,Female,244.255.135.121,3521672214
834,Clotilda,Joanaud,cjoanaudn5@miitbeian.gov.cn,Female,2.186.0.91,9928890355
835,Charlotte,Cotgrave,ccotgraven6@bbc.co.uk,Female,200.117.161.75,2132145289
836,Sonya,Gawkroge,sgawkrogen7@yahoo.co.jp,Female,177.217.168.121,3868012054
837,Carlee,Olczak,colczakn8@ehow.com,Female,226.111.111.190,6177826923
838,Georgie,Lambarton,glambartonn9@newsvine.com,Male,99.106.2.119,3374446910
839,Aurore,Alvar,aalvarna@sina.com.cn,Female,16.51.138.197,8799644472
840,Dud,Muzzall,dmuzzallnb@google.com.au,Male,62.238.96.13,3325865327
841,Ange,Mc Gorley,amcgorleync@buzzfeed.com,Male,11.52.57.64,4927334277
842,Mellisa,Lafranconi,mlafranconind@mashable.com,Female,15.148.176.203,8565399542
843,Nevil,MacColl,nmaccollne@wired.com,Male,240.84.48.221,1363662147
844,Mathias,Bestall,mbestallnf@joomla.org,Male,192.87.61.22,9071017052
845,Karrie,Emons,kemonsng@sciencedirect.com,Female,93.107.140.222,2836661255
846,Ewart,Tsar,etsarnh@taobao.com,Male,191.234.151.172,9677484528
847,Hall,Laraway,hlarawayni@phoca.cz,Male,180.165.79.176,2145219826
848,Ryann,Bolzmann,rbolzmannnj@un.org,Female,122.135.77.99,9387044595
849,Eugenio,Hardacre,ehardacrenk@g.co,Male,187.171.124.204,5874771696
850,Amerigo,Sawyers,asawyersnl@cam.ac.uk,Male,228.214.28.78,1516012257
851,Cynthia,Deetch,cdeetchnm@goodreads.com,Female,184.65.179.81,8032720336
852,Owen,Feetham,ofeethamnn@aol.com,Male,110.162.231.75,8333892307
853,Juanita,Heinsius,jheinsiusno@technorati.com,Female,21.196.74.78,6579788457
854,Fifi,Petri,fpetrinp@oakley.com,Female,203.81.58.68,1464511854
855,Cristabel,Hedden,cheddennq@webmd.com,Female,34.15.131.23,1676025376
856,Garnet,Williscroft,gwilliscroftnr@latimes.com,Female,22.255.107.58,2328232051
857,Baily,Ickeringill,bickeringillns@wsj.com,Male,28.162.245.70,6302549498
858,Missy,Ambrosoli,mambrosolint@ox.ac.uk,Female,131.114.88.202,5695554264
859,Brucie,Espasa,bespasanu@usnews.com,Male,86.43.11.126,8699555928
860,Locke,Angless,langlessnv@hatena.ne.jp,Male,176.95.206.79,8693778677
861,Judi,Branscomb,jbranscombnw@creativecommons.org,Female,104.172.66.98,4043018214
862,Kellsie,Stopford,kstopfordnx@hexun.com,Female,237.18.80.119,7234956219
863,Moshe,Carlozzi,mcarlozziny@tamu.edu,Male,135.17.240.232,3348971915
864,Torey,Hurley,thurleynz@elpais.com,Male,65.24.110.204,7298894590
865,Shaun,Balfour,sbalfouro0@thetimes.co.uk,Female,10.65.182.23,5713272610
866,Fransisco,Wibrow,fwibrowo1@pinterest.com,Male,250.137.36.203,1895182842
867,Ottilie,Hendin,ohendino2@europa.eu,Female,253.207.234.242,7304682155
868,Sheila,Maylott,smaylotto3@smh.com.au,Female,24.189.194.22,6624097913
869,Leelah,Donnachie,ldonnachieo4@smh.com.au,Female,207.87.83.209,3923236223
870,Bar,Markwelley,bmarkwelleyo5@pbs.org,Male,59.161.235.244,6573206098
871,Dorree,Kennford,dkennfordo6@jiathis.com,Female,51.164.183.141,6423590870
872,Brittaney,Sucre,bsucreo7@virginia.edu,Female,47.6.241.40,5675661533
873,Corena,Follan,cfollano8@squarespace.com,Female,147.115.140.232,4917397742
874,Faber,Bisiker,fbisikero9@buzzfeed.com,Male,50.54.104.208,7583967625
875,Anny,Maidment,amaidmentoa@wp.com,Female,79.44.107.183,1175516191
876,Alanson,Giorio,agiorioob@zdnet.com,Male,96.251.91.179,1086191813
877,Georges,Pinar,gpinaroc@google.de,Male,131.215.181.162,4625820084
878,Orville,Torresi,otorresiod@yellowpages.com,Male,200.234.152.163,3017394205
879,Arlen,Payle,apayleoe@etsy.com,Male,30.35.68.229,6223554334
880,Maiga,Hanton,mhantonof@cisco.com,Female,15.130.183.255,9412758004
881,Harcourt,Franchi,hfranchiog@seattletimes.com,Male,105.210.197.28,4393016650
882,Halie,Audrey,haudreyoh@furl.net,Female,132.149.43.62,7046243328
883,Carla,Gouth,cgouthoi@flickr.com,Female,17.139.239.173,5514868587
884,Noella,Battram,nbattramoj@apache.org,Female,110.179.173.62,2682944831
885,Lacy,Bartels-Ellis,lbartelsellisok@xrea.com,Female,110.7.109.31,1092137410
886,Meier,Charge,mchargeol@dot.gov,Male,155.55.74.115,5157200666
887,Marylinda,Haggith,mhaggithom@shinystat.com,Female,35.38.208.201,8306795941
888,Cecil,Waight,cwaighton@discuz.net,Male,144.135.46.74,4979742723
889,Dodie,Paulon,dpaulonoo@tinypic.com,Female,99.150.152.19,4512597744
890,Celina,Gatchel,cgatchelop@economist.com,Female,248.97.44.21,8036618882
891,Joy,Binley,jbinleyoq@shop-pro.jp,Female,243.130.100.37,8626401342
892,Ricky,Scarlan,rscarlanor@g.co,Female,214.53.59.32,3341279479
893,Ambrosio,Ivashnyov,aivashnyovos@cdc.gov,Male,168.36.8.247,8658199845
894,Verna,Glavis,vglavisot@homestead.com,Female,246.217.0.15,1893541852
895,Ev,Claesens,eclaesensou@ebay.co.uk,Male,109.250.198.206,9496751995
896,Byran,Zammett,bzammettov@exblog.jp,Male,2.43.102.255,8391357249
897,Jobie,Yosifov,jyosifovow@opera.com,Female,216.34.128.207,4904894114
898,Aili,Siveter,asiveterox@nasa.gov,Female,75.240.96.205,5817722445
899,Agathe,Bebbington,abebbingtonoy@google.com.au,Female,254.61.189.91,1923655208
900,Genia,Paulon,gpaulonoz@redcross.org,Female,88.47.3.172,2485567636
901,Lilas,Waby,lwabyp0@usatoday.com,Female,237.55.26.177,7988256853
902,Alis,Lansbury,alansburyp1@engadget.com,Female,81.17.238.217,2071605950
903,Tiffani,Bode,tbodep2@mayoclinic.com,Female,115.219.116.228,7024406064
904,Fay,Titmuss,ftitmussp3@foxnews.com,Female,141.239.74.61,9961193834
905,Keenan,Philipps,kphilippsp4@ow.ly,Male,204.65.162.161,5462421929
906,Johnnie,Degoix,jdegoixp5@indiatimes.com,Male,191.146.115.58,7314106751
907,Dmitri,Schult,dschultp6@devhub.com,Male,111.15.41.139,8414614447
908,Addy,Callis,acallisp7@nytimes.com,Female,83.159.221.240,9047703418
909,Christos,Stiling,cstilingp8@mtv.com,Male,124.208.187.153,3779122099
910,Hale,Odney,hodneyp9@forbes.com,Male,92.24.49.117,6844161041
911,Berty,Blasing,bblasingpa@lulu.com,Male,45.112.61.1,5028812644
912,Fidela,Lindeboom,flindeboompb@constantcontact.com,Female,36.162.140.47,9971044340
913,Maximilien,Kingswell,mkingswellpc@cbc.ca,Male,107.43.1.107,9771257770
914,Edmon,Chatfield,echatfieldpd@yolasite.com,Male,153.210.39.192,1288849342
915,Othelia,Lear,olearpe@linkedin.com,Female,183.120.72.161,5108394140
916,Lizabeth,Matches,lmatchespf@hubpages.com,Female,39.25.178.6,3254945277
917,Rickert,Scholard,rscholardpg@sun.com,Male,48.243.161.4,6402358343
918,Karlyn,Skeleton,kskeletonph@fotki.com,Female,244.87.171.204,9071353041
919,Athene,Kopke,akopkepi@eepurl.com,Female,82.66.118.59,8879752737
920,Christy,Elmes,celmespj@bluehost.com,Male,39.216.61.104,1713925928
921,Marshal,Phizaclea,mphizacleapk@reuters.com,Male,60.188.255.13,2468237356
922,Vale,Randerson,vrandersonpl@blogger.com,Male,160.164.188.37,3099063461
923,Ian,Perceval,ipercevalpm@businessweek.com,Male,26.54.167.21,5642401608
924,Fanchon,Selcraig,fselcraigpn@issuu.com,Female,252.32.78.89,4255626694
925,Calypso,Coggan,ccogganpo@storify.com,Female,150.135.0.47,7229998060
926,Hewie,Parkhouse,hparkhousepp@bizjournals.com,Male,83.90.71.234,1309281351
927,Andromache,Anthoney,aanthoneypq@princeton.edu,Female,172.60.108.238,1456329404
928,Jarred,McAloren,jmcalorenpr@apache.org,Male,128.15.126.214,5569278177
929,Nomi,Bodd,nboddps@yahoo.com,Female,155.34.213.49,7214033212
930,Leroi,Douthwaite,ldouthwaitept@webmd.com,Male,34.22.186.225,6638892468
931,Dud,Pighills,dpighillspu@yellowpages.com,Male,229.26.37.196,3542728552
932,Dareen,Morrell,dmorrellpv@ocn.ne.jp,Female,34.165.177.140,9207067129
933,Darb,Haysham,dhayshampw@lycos.com,Male,215.188.33.208,1019770183
934,Kally,Slegg,ksleggpx@accuweather.com,Female,78.36.226.210,9809154256
935,Daniela,Rhys,drhyspy@gizmodo.com,Female,3.48.246.124,6586806383
936,Bruis,Guichard,bguichardpz@typepad.com,Male,142.145.0.109,5563221464
937,Bronson,Callander,bcallanderq0@webmd.com,Male,122.104.88.225,3404576325
938,Hinze,Oswick,hoswickq1@google.nl,Male,170.107.238.244,9183385124
939,Ilise,Jonuzi,ijonuziq2@java.com,Female,48.250.226.157,1244959113
940,Allister,Greswell,agreswellq3@weibo.com,Male,50.163.151.226,6104373978
941,Haze,Strongman,hstrongmanq4@sphinn.com,Male,115.31.251.15,3703449893
942,Jenilee,Mahony,jmahonyq5@deviantart.com,Female,125.134.91.213,5197018720
943,Hercules,Tomsu,htomsuq6@marriott.com,Male,127.81.53.48,3864822641
944,Dilan,Jantot,djantotq7@networkadvertising.org,Male,39.26.119.119,6214854139
945,Worth,Beedie,wbeedieq8@fc2.com,Male,189.194.77.84,7261544409
946,Adams,Southard,asouthardq9@cloudflare.com,Male,94.253.119.184,8761428689
947,Tully,Shaddick,tshaddickqa@tinypic.com,Male,149.139.114.174,9551228306
948,Moss,Wilce,mwilceqb@desdev.cn,Male,55.154.197.51,4253020869
949,Lorette,Pickring,lpickringqc@wikipedia.org,Female,151.175.119.101,3606321326
950,Taffy,Derricoat,tderricoatqd@upenn.edu,Female,132.78.224.85,7571804449
951,Wainwright,Farlamb,wfarlambqe@shareasale.com,Male,140.145.148.98,7308988249
952,Marga,Chalice,mchaliceqf@nba.com,Female,158.169.18.73,5315735222
953,Saw,Fillan,sfillanqg@list-manage.com,Male,12.187.132.12,5178783543
954,Lynda,Gurling,lgurlingqh@squarespace.com,Female,179.60.252.45,8259178126
955,Tammi,Bazelle,tbazelleqi@prweb.com,Female,81.1.93.196,2573624740
956,Grata,Silveston,gsilvestonqj@storify.com,Female,195.70.41.73,6641529243
957,Tildi,Laird-Craig,tlairdcraigqk@tripod.com,Female,192.250.105.65,2025253071
958,Nani,Ferber,nferberql@engadget.com,Female,150.4.189.57,9491896504
959,Dode,Checo,dchecoqm@craigslist.org,Female,103.205.4.17,2843841463
960,Marys,Olech,molechqn@artisteer.com,Female,76.188.214.177,5188679032
961,Kippy,MacLese,kmacleseqo@reference.com,Female,109.233.140.168,5882546326
962,Ottilie,Goundsy,ogoundsyqp@scientificamerican.com,Female,213.86.192.219,3732271994
963,Elsbeth,Jessep,ejessepqq@oaic.gov.au,Female,64.165.239.50,7205913616
964,Biddie,Dowthwaite,bdowthwaiteqr@oracle.com,Female,87.118.126.40,3172332294
965,Berni,Orange,borangeqs@accuweather.com,Female,68.79.14.71,4945964342
966,Bret,Dumsday,bdumsdayqt@marriott.com,Male,213.63.153.54,7493909913
967,Thorn,Cotty,tcottyqu@chron.com,Male,98.117.132.122,4736794774
968,Bellanca,Chatain,bchatainqv@boston.com,Female,80.93.165.169,1276842548
969,Lilian,Pregel,lpregelqw@cdc.gov,Female,7.72.187.215,5636634448
970,Jeanie,Windebank,jwindebankqx@google.com,Female,147.151.130.12,8994423272
971,Prisca,Gallemore,pgallemoreqy@networksolutions.com,Female,185.115.53.95,9986614154
972,Nate,Picardo,npicardoqz@pbs.org,Male,139.124.157.115,8946019316
973,Javier,Jeavon,jjeavonr0@squidoo.com,Male,167.225.162.122,9254781765
974,Care,Abeles,cabelesr1@imgur.com,Male,175.72.101.59,9855530256
975,Ingelbert,McCrachen,imccrachenr2@google.pl,Male,155.215.178.16,5045678484
976,Elnora,Renzo,erenzor3@amazonaws.com,Female,255.125.140.36,7433516577
977,Isiahi,Allot,iallotr4@webnode.com,Male,142.109.150.160,6782791396
978,Jordain,Spiers,jspiersr5@dagondesign.com,Female,22.132.186.198,4283922190
979,Artair,Uridge,auridger6@canalblog.com,Male,247.232.20.5,9963670112
980,Joey,Petrello,jpetrellor7@omniture.com,Male,66.183.8.40,2196749056
981,Verina,Foulsham,vfoulshamr8@guardian.co.uk,Female,173.182.66.232,2864129697
982,Tricia,Yankov,tyankovr9@nationalgeographic.com,Female,104.156.46.208,6449431356
983,Brittany,McClean,bmccleanra@jalbum.net,Female,27.15.173.22,1434119088
984,Suzy,Heatherington,sheatheringtonrb@ox.ac.uk,Female,114.233.68.42,4549072563
985,Andee,Luety,aluetyrc@chronoengine.com,Female,236.91.80.101,3259839605
986,Harrietta,Taffarello,htaffarellord@cam.ac.uk,Female,56.14.160.20,2154251911
987,Wye,Twine,wtwinere@whitehouse.gov,Male,190.210.82.47,4736138396
988,Dido,Colbourn,dcolbournrf@apache.org,Female,104.145.9.176,4082390132
989,Van,Wadman,vwadmanrg@samsung.com,Male,175.108.204.27,2377457669
990,Tadd,O'Carmody,tocarmodyrh@posterous.com,Male,91.230.9.243,1404436041
991,Shaine,McCann,smccannri@gizmodo.com,Female,146.230.97.216,1476094659
992,Brinna,Smeall,bsmeallrj@tmall.com,Female,91.109.208.104,9256044894
993,Marlow,Croley,mcroleyrk@symantec.com,Male,221.212.104.195,6825082629
994,Gussie,Brokenshaw,gbrokenshawrl@ibm.com,Female,197.137.157.230,1216035572
995,Blayne,Peachment,bpeachmentrm@spiegel.de,Male,134.163.171.76,1257058750
996,Baryram,Feben,bfebenrn@vkontakte.ru,Male,52.9.245.234,5142533386
997,Yves,Kett,ykettro@issuu.com,Male,156.158.200.25,5735083593
998,Dael,Vivyan,dvivyanrp@sohu.com,Female,54.20.78.29,4454630005
999,Chere,McSpirron,cmcspirronrq@bloomberg.com,Female,215.76.250.125,3652907800
1000,Editha,Feria,eferiarr@imdb.com,Female,158.79.45.210,5883937565
